Index,Payee,Reason
"29","METROPOLIS PARKING - 6859","Unexpected token 'T', "Too many c"... is not valid JSON"
"31","ACAPX LLC","Unexpected token 'T', "Too many c"... is not valid JSON"
"32","Five Pals, Inc. dba ALICE","Unexpected token 'T', "Too many c"... is not valid JSON"
"33","EVERON, LLC","Unexpected token 'T', "Too many c"... is not valid JSON"
"34","MALDONADO NURSERY & LANDSCAPING INC","Unexpected token 'T', "Too many c"... is not valid JSON"
"35","REVINATE","Unexpected token 'T', "Too many c"... is not valid JSON"
"37","MINUTEMAN PRESS","Unexpected token 'T', "Too many c"... is not valid JSON"
"38","AMERICAN COMPRESSED GASES INC","Unexpected token 'T', "Too many c"... is not valid JSON"
"39","REVINATE, INC","Unexpected token 'T', "Too many c"... is not valid JSON"
"40","Genserve, LLC","Unexpected token 'T', "Too many c"... is not valid JSON"
"41","KASSATEX","Unexpected token 'T', "Too many c"... is not valid JSON"
"42","REVINATE INC","Unexpected token 'T', "Too many c"... is not valid JSON"
"43","REVINATE, INC.","Unexpected token 'T', "Too many c"... is not valid JSON"
"44","REVINATE, INC.","Unexpected token 'T', "Too many c"... is not valid JSON"
"45","Kyocera Doc. Solutions N. California","Unexpected token 'T', "Too many c"... is not valid JSON"
"46","FIVEPALS INC","Unexpected token 'T', "Too many c"... is not valid JSON"
"47","New Carbon Distribution","Unexpected token 'T', "Too many c"... is not valid JSON"
"48","TriMark Marlinn Inc","Unexpected token 'T', "Too many c"... is not valid JSON"
"49","TRIMARK ADAMS-BURCH","Unexpected token 'T', "Too many c"... is not valid JSON"
"50","ACCO Engineered Systems, Inc.","Unexpected token 'T', "Too many c"... is not valid JSON"
"51","CRS TEMPORARY HOUSING","Unexpected token 'T', "Too many c"... is not valid JSON"
"52","LIVCON CORP","Unexpected token 'T', "Too many c"... is not valid JSON"
"53","Chobani Global Holdings LLC dba La Colombe","Unexpected token 'T', "Too many c"... is not valid JSON"
"54","Revinate LLC","Unexpected token 'T', "Too many c"... is not valid JSON"
"55","ABEL DESERT SPRING LANDSCAPE","Unexpected token 'T', "Too many c"... is not valid JSON"
"56","FRONTIER FIRE PROTECTION LLC","Unexpected token 'T', "Too many c"... is not valid JSON"
"57","GRAY MEDIA GROUP INC","Unexpected token 'T', "Too many c"... is not valid JSON"
"58","FIRE SERVICE INC.","Unexpected token 'T', "Too many c"... is not valid JSON"
"59","La Colombe Holdings Inc","Unexpected token 'T', "Too many c"... is not valid JSON"
"60","La Colombe","Unexpected token 'T', "Too many c"... is not valid JSON"
"61","Finer Foods Inc.","Unexpected token 'T', "Too many c"... is not valid JSON"
"62","North East Linen Supply Co.","Unexpected token 'T', "Too many c"... is not valid JSON"
"63","LA COLOMBE COFFEE","Unexpected token 'T', "Too many c"... is not valid JSON"
"64","RB Ryder LLC","Unexpected token 'T', "Too many c"... is not valid JSON"
"65","ROBERT DIGIANTOMASO     TVL","Unexpected token 'T', "Too many c"... is not valid JSON"
"66","PACIFIC MEDIA GROUP","Unexpected token 'T', "Too many c"... is not valid JSON"
"67","FOURTH ENTERPRISES LLC -","Unexpected token 'T', "Too many c"... is not valid JSON"
"68","SERVPRO of North Nashville","Unexpected token 'T', "Too many c"... is not valid JSON"
"69","COLORADO MECHANICAL SYSTEMS LLC","Unexpected token 'T', "Too many c"... is not valid JSON"
"70","PREMIER RESTORATION HAWAII","Unexpected token 'T', "Too many c"... is not valid JSON"
"71","AT&T","Unexpected token 'T', "Too many c"... is not valid JSON"
"72","GENSERVE INC","Unexpected token 'T', "Too many c"... is not valid JSON"
"73","ACCO ENGINEERED SYSTEMS","Unexpected token 'T', "Too many c"... is not valid JSON"
"74","CASEY FIRE SYS LLC","Unexpected token 'T', "Too many c"... is not valid JSON"
"75","Haskins Plumbing","Unexpected token 'T', "Too many c"... is not valid JSON"
"76","MED LIFE SERVICES","Unexpected token 'T', "Too many c"... is not valid JSON"
"77","CONSOLIDATED HOSPITALITY SUPPLIES, LLC","Unexpected token 'T', "Too many c"... is not valid JSON"
"78","MA Exhaust Tech LLC","Unexpected token 'T', "Too many c"... is not valid JSON"
"79","TRIPLE F DISTRIBUTING. INC.","Unexpected token 'T', "Too many c"... is not valid JSON"
"80","MUTUAL PLUMBING SUPPLY CO INC","Unexpected token 'T', "Too many c"... is not valid JSON"
"81","EDC TECHNOLOGIES","Unexpected token 'T', "Too many c"... is not valid JSON"
"82","REVINATE INC","Unexpected token 'T', "Too many c"... is not valid JSON"
"83","VENTURES ASSOCIATES INC","Unexpected token 'T', "Too many c"... is not valid JSON"
"84","TRIPLE F DISTRIBUTING INC","Unexpected token 'T', "Too many c"... is not valid JSON"
"85","IKHNL","Unexpected token 'T', "Too many c"... is not valid JSON"
"86","KFVE","Unexpected token 'T', "Too many c"... is not valid JSON"
"87","AMERICAN COMPRESSED GASES INC","Unexpected token 'T', "Too many c"... is not valid JSON"
"88","NORTH EAST LINEN SUPPLY CO","Unexpected token 'T', "Too many c"... is not valid JSON"
"89","EDC TECHNOLOGIES, INC.","Unexpected token 'T', "Too many c"... is not valid JSON"
"90","SITEONE LANDSCAPE SUPPLY LLC","Unexpected token 'T', "Too many c"... is not valid JSON"
"91","ALOHA CARE PAPER PRODUCT, LLC","Unexpected token 'T', "Too many c"... is not valid JSON"
"92","EDC TECHNOLOGIES, INC","Unexpected token 'T', "Too many c"... is not valid JSON"
"93","FIRE RECOVERY USA LLC","Unexpected token 'T', "Too many c"... is not valid JSON"
"94","FOURTH ENTERPRISES, LLC - RED BOOK SOLUTIONS","Unexpected token 'T', "Too many c"... is not valid JSON"
"95","AMERICAN TELEPHONE","Unexpected token 'T', "Too many c"... is not valid JSON"
"96","ACCO ENGINEERED SYSTEMS","Unexpected token 'T', "Too many c"... is not valid JSON"
"97","FIVEPALS, INC.","Unexpected token 'T', "Too many c"... is not valid JSON"
"98","FIVEPALS INC","Unexpected token 'T', "Too many c"... is not valid JSON"
"99","ACCO ENGINEERED SYSTEMS INC","Unexpected token 'T', "Too many c"... is not valid JSON"
"100","Trident Security Systems","Unexpected token 'T', "Too many c"... is not valid JSON"
"101","CONSOLIDATED HOSPITALITY SUPPLIES LLC","Unexpected token 'T', "Too many r"... is not valid JSON"
"102","SHNN","Unexpected token 'T', "Too many r"... is not valid JSON"
"103","BRANDON POINT OFFICES LLC","Unexpected token 'T', "Too many r"... is not valid JSON"
"104","Fagron Sterile Services US","Unexpected token 'T', "Too many r"... is not valid JSON"
"105","System4 S.N.E.","Unexpected token 'T', "Too many r"... is not valid JSON"
"106","Commerce Center Office Building LLC","Unexpected token 'T', "Too many r"... is not valid JSON"
"107","KERR LAW FIRM PLLC","Unexpected token 'T', "Too many r"... is not valid JSON"
"108","FOLLETT CONTENT SOLUTIONS LLC","Unexpected token 'T', "Too many r"... is not valid JSON"
"109","NESS TURF EQUIPMENT","Unexpected token 'T', "Too many r"... is not valid JSON"
"110","CARR HARDWARE","Unexpected token 'T', "Too many r"... is not valid JSON"
"111","POP ENTERPRISE LLC","Unexpected token 'T', "Too many r"... is not valid JSON"
"112","FIBERGLASS HAWAII","Unexpected token 'T', "Too many r"... is not valid JSON"
"113","Westchester Masonry Depot","Unexpected token 'T', "Too many r"... is not valid JSON"
"114","KAKO'O 'OIWI","Unexpected token 'T', "Too many r"... is not valid JSON"
"115","COURIER CORPORATION OF HAWAII","Unexpected token 'T', "Too many r"... is not valid JSON"
"116","PENTELEDATA","Unexpected token 'T', "Too many r"... is not valid JSON"
"117","JusticePath Advisors","Unexpected token 'T', "Too many r"... is not valid JSON"
"118","Amundsen Davis, LLC.","Unexpected token 'T', "Too many r"... is not valid JSON"
"119","PERALTA'S MACHINE SHOP","Unexpected token 'T', "Too many r"... is not valid JSON"
"120","SALTWORKS INC","Unexpected token 'T', "Too many r"... is not valid JSON"
"121","VERIZON","Unexpected token 'T', "Too many r"... is not valid JSON"
"122","AMF OCCUPATIONAL THERAPY PLLC","Unexpected token 'T', "Too many r"... is not valid JSON"
"123","TRIPLE P AMERICA INC","Unexpected token 'T', "Too many r"... is not valid JSON"
"124","ROMAN LANDSCAPING LLC ROMAN MONTELONGO JR DBA","Unexpected token 'T', "Too many r"... is not valid JSON"
"125","INFORMATION & COMPUTING SERVICES, INC","Unexpected token 'T', "Too many r"... is not valid JSON"
"126","Elbow to Elbow Learning, LLC","Unexpected token 'T', "Too many r"... is not valid JSON"
"127","MASONRY ACCESSORIES INC","Unexpected token 'T', "Too many r"... is not valid JSON"
"128","HOSE MAKERS PLUS","Unexpected token 'T', "Too many r"... is not valid JSON"
"129","General Plumbing and Sewer","Unexpected token 'T', "Too many r"... is not valid JSON"
"130","PORT-O-POTTY INC","Unexpected token 'T', "Too many r"... is not valid JSON"
"131","FREEMAN MATHIS & GARY LLP","Unexpected token 'T', "Too many r"... is not valid JSON"
"132","Tommy Car Wash Systems of Florida, LLC","Unexpected token 'T', "Too many r"... is not valid JSON"
"133","CW Suter & Son Inc","Unexpected token 'T', "Too many r"... is not valid JSON"
"134","PIRTEK TREASURE COAST","Unexpected token 'T', "Too many r"... is not valid JSON"
"135","FISCHER WEIGHING SYSTEMS, INC","Unexpected token 'T', "Too many r"... is not valid JSON"
"136","ANDA INC","Unexpected token 'T', "Too many r"... is not valid JSON"
"137","ADI FASTENERS OF TAMPA","Unexpected token 'T', "Too many r"... is not valid JSON"
"138","CENTRAL AUTO & TRUCK PARTS INC","Unexpected token 'T', "Too many r"... is not valid JSON"
"139","Teknova Inc","Unexpected token 'T', "Too many r"... is not valid JSON"
"140","NEW AGE REPROGRAPHICS, LLC","Unexpected token 'T', "Too many r"... is not valid JSON"
"141","AIRITE AIR CONDITIONING INC","Unexpected token 'T', "Too many r"... is not valid JSON"
"142","BORING","Unexpected token 'T', "Too many r"... is not valid JSON"
"143","NACM TAMPA INC","Unexpected token 'T', "Too many r"... is not valid JSON"
"144","FS COMPRESSION CO., LLC","Unexpected token 'T', "Too many r"... is not valid JSON"
"145","CHARLIES AUTO GLASS INSTALLERS","Unexpected token 'T', "Too many r"... is not valid JSON"
"146","UNIQUE TECHNOLOGY INDUSTRIES","Unexpected token 'T', "Too many r"... is not valid JSON"
"147","GORMAN MILLING COMPANY INC","Unexpected token 'T', "Too many r"... is not valid JSON"
"148","COMMERCIAL CONCRETE PRODUCTS INC","Unexpected token 'T', "Too many r"... is not valid JSON"
"149","Instrotek Inc","Unexpected token 'T', "Too many r"... is not valid JSON"
"150","BBM ONLINE","Unexpected token 'T', "Too many r"... is not valid JSON"
"151","ALSCO","Unexpected token 'T', "Too many r"... is not valid JSON"
"152","ADT COMMERCIAL","Unexpected token 'T', "Too many r"... is not valid JSON"
"153","Siteone Lanscape Supply Llc","Unexpected token 'T', "Too many r"... is not valid JSON"
"154","ANTECH DIAGNOSTICS INC.","Unexpected token 'T', "Too many r"... is not valid JSON"
"155","MERVIN MANUFACTURING INC.","Unexpected token 'T', "Too many r"... is not valid JSON"
"156","UNIVERSAL ENGINEERING SCI","Unexpected token 'T', "Too many r"... is not valid JSON"
"157","Aramark Chicago Lockbox","Unexpected token 'T', "Too many r"... is not valid JSON"
"158","Leica Biosystems","Unexpected token 'T', "Too many r"... is not valid JSON"
"159","Wilson Sporting Goods","Unexpected token 'T', "Too many r"... is not valid JSON"
"160","Jt Vaughn Construction Llc","Unexpected token 'T', "Too many r"... is not valid JSON"
"161","JOERIS GENERAL CONTRACTORS LLC","Unexpected token 'T', "Too many r"... is not valid JSON"
"162","UNIVERSITY OF HOUSTON","Unexpected token 'T', "Too many r"... is not valid JSON"
"163","Cory J Mabry","Unexpected token 'T', "Too many r"... is not valid JSON"
"164","BLACK DOG TIRE SERVICE LLC","Unexpected token 'T', "Too many r"... is not valid JSON"
"165","Taconic Biosciences Inc","Unexpected token 'T', "Too many r"... is not valid JSON"
"166","Isp Supplies Llc","Unexpected token 'T', "Too many r"... is not valid JSON"
"167","Texas A&M Agrilife Extension Service","Unexpected token 'T', "Too many r"... is not valid JSON"
"168","Headliners Club In Austin","Unexpected token 'T', "Too many r"... is not valid JSON"
"169","MOTIMATIC PBC","Unexpected token 'T', "Too many r"... is not valid JSON"
"170","CORPORATION SERVICE COMPANY","Unexpected token 'T', "Too many r"... is not valid JSON"
"171","Aggieland Flowers","Unexpected token 'T', "Too many r"... is not valid JSON"
"172","Elias Perli","Unexpected token 'T', "Too many r"... is not valid JSON"
"173","Clm Construction Services Inc","Unexpected token 'T', "Too many r"... is not valid JSON"
"174","Telesystem","Unexpected token 'T', "Too many r"... is not valid JSON"
"175","STANDLEY SYSTEMS","Unexpected token 'T', "Too many r"... is not valid JSON"
"176","Pacific Seafood Co.","Unexpected token 'T', "Too many r"... is not valid JSON"
"177","BURGES BURGES","Unexpected token 'T', "Too many r"... is not valid JSON"
"178","GREENWAY KIA FRANKLIN  (2004)","Unexpected token 'T', "Too many r"... is not valid JSON"
"179","SUBURBAN PROPANE-7559","Unexpected token 'T', "Too many r"... is not valid JSON"
"180","A. Kate MacDougall","Unexpected token 'T', "Too many r"... is not valid JSON"
"181","LABOR SOURCE LLC","Unexpected token 'T', "Too many r"... is not valid JSON"
"182","Kodi Holdings Inc","Unexpected token 'T', "Too many r"... is not valid JSON"
"183","FISHER & PHILLIPS LLP","Unexpected token 'T', "Too many r"... is not valid JSON"
"184","Cerifi LLC","Unexpected token 'T', "Too many r"... is not valid JSON"
"185","UNISHIPPERS","Unexpected token 'T', "Too many r"... is not valid JSON"
"186","ECONOMY AUTO PARTS","Unexpected token 'T', "Too many r"... is not valid JSON"
"187","CKC SERVICE LLC","Unexpected token 'T', "Too many r"... is not valid JSON"
"188","E.B. CREAGER TIRE","Unexpected token 'T', "Too many r"... is not valid JSON"
"189","CENTRAL MISS. AUTO PARTS INC.","Unexpected token 'T', "Too many r"... is not valid JSON"
"190","TRIPLE S TIRE CO. INC","Unexpected token 'T', "Too many r"... is not valid JSON"
"191","ANDY'S TOWING","Unexpected token 'T', "Too many r"... is not valid JSON"
"192","LONG'S PRODUCTS","Unexpected token 'T', "Too many r"... is not valid JSON"
"193","JIM SOUTH BUTANE PROPANE","Unexpected token 'T', "Too many r"... is not valid JSON"
"194","R & D EQUIPMENT SERVICE  (2007)","Unexpected token 'T', "Too many r"... is not valid JSON"
"195","MERICLE'S TOWING","Unexpected token 'T', "Too many r"... is not valid JSON"
"196","JDRO L.L.C.","Unexpected token 'T', "Too many r"... is not valid JSON"
"197","RACKLEY ROOFING CO INC.  (2001)","Unexpected token 'T', "Too many r"... is not valid JSON"
"198","MARTIN ENVIRONMENTAL SVCS","Unexpected token 'T', "Too many r"... is not valid JSON"
"199","NANTZE SPRINGS INC.","Unexpected token 'T', "Too many r"... is not valid JSON"
"200","HEY MACHINERY COMPANY INC.","Unexpected token 'T', "Too many r"... is not valid JSON"
"201","POPE'S PARTS INC.","Unexpected token 'T', "Too many r"... is not valid JSON"
"202","NORTH COAST TECH","Unexpected token 'T', "Too many r"... is not valid JSON"
"203","BUSTER'S BUTANE GAS CO. INC.","Unexpected token 'T', "Too many r"... is not valid JSON"
"204","COORDINATING SOLUTIONS","Unexpected token 'T', "Too many r"... is not valid JSON"
"205","DANDI GUARANTY PEST SOLUTIONS","Unexpected token 'T', "Too many r"... is not valid JSON"
"206","TR WHOLESALE SOLUTIONS LLC","Unexpected token 'T', "Too many r"... is not valid JSON"
"207","COWSER TIRE AND SERVICE","Unexpected token 'T', "Too many r"... is not valid JSON"
"208","FLOWOOD MAC HAIK CHRYS DODGE JEEP RAM","Unexpected token 'T', "Too many r"... is not valid JSON"
"209","CJR TECHNICAL SOLUTIONS","Unexpected token 'T', "Too many r"... is not valid JSON"
"210","TIFCO INDUSTRIES","Unexpected token 'T', "Too many r"... is not valid JSON"
"211","KUFNER TOWING","Unexpected token 'T', "Too many r"... is not valid JSON"
"212","RIEKES EQUIPMENT","Unexpected token 'T', "Too many r"... is not valid JSON"
"213","WAYNES  (2008)","Unexpected token 'T', "Too many r"... is not valid JSON"
"214","TOBY SEXTON  (2001)","Unexpected token 'T', "Too many r"... is not valid JSON"
"215","GREEN'S TOWING & RECOVERY","Unexpected token 'T', "Too many r"... is not valid JSON"
"216","ROB OLDS TIRE SERVICE INC.","Unexpected token 'T', "Too many r"... is not valid JSON"
"217","JONES BROS CO. INC","Unexpected token 'T', "Too many r"... is not valid JSON"
"218","MILLERSBURG TIRE SERVICE INC.","Unexpected token 'T', "Too many r"... is not valid JSON"
"219","CENTRAL AG WHEEL & TIRE","Unexpected token 'T', "Too many r"... is not valid JSON"
"220","SEWELL MECHANICAL INC.","Unexpected token 'T', "Too many r"... is not valid JSON"
"221","WALKER CHEVROLET  (2004)","Unexpected token 'T', "Too many r"... is not valid JSON"
"222","HUGG & HALL","Unexpected token 'T', "Too many r"... is not valid JSON"
"223","GALLATIN CDJR  (2008)","Unexpected token 'T', "Too many r"... is not valid JSON"
"224","J & B TRAILERS & EQUIPMENT","Unexpected token 'T', "Too many r"... is not valid JSON"
"225","CLARKSVILLE AUTO PARTS   (2006)","Unexpected token 'T', "Too many r"... is not valid JSON"
"226","MURFREESBORO NISSAN (2008)","Unexpected token 'T', "Too many r"... is not valid JSON"
"227","DNW AUTOMOTIVE","Unexpected token 'T', "Too many r"... is not valid JSON"
"228","MERCEDES-BENZ OF NASHVILLE  (2004)","Unexpected token 'T', "Too many r"... is not valid JSON"
"229","COOK'S PEST CONTROL (2010)","Unexpected token 'T', "Too many r"... is not valid JSON"
"230","TRISTATE GRAPHICS","Unexpected token 'T', "Too many r"... is not valid JSON"
"231","SUPERIOR TERMITE","Unexpected token 'T', "Too many r"... is not valid JSON"
"232","SMITTY'S SUPPLY INC.","Unexpected token 'T', "Too many r"... is not valid JSON"
"233","RELADYNE MID-SOUTH INC.","Unexpected token 'T', "Too many r"... is not valid JSON"
"234","JOHN ROBERTS NISSAN","Unexpected token 'T', "Too many r"... is not valid JSON"
"235","JURY PEST SERVICES","Unexpected token 'T', "Too many r"... is not valid JSON"
"236","PREVENTIA-3014","Unexpected token 'T', "Too many r"... is not valid JSON"
"237","SMASH MY TRASH","Unexpected token 'T', "Too many r"... is not valid JSON"
"238","MALTSBERGER INDUSTRIAL PROPANE","Unexpected token 'T', "Too many r"... is not valid JSON"
"239","WILLIAMS WINDSHIELD REPAIR","Unexpected token 'T', "Too many r"... is not valid JSON"
"240","WILLIG TIRE RECYCLING LLC","Unexpected token 'T', "Too many r"... is not valid JSON"
"241","OILCO DISTRIBUTING LLC","Unexpected token 'T', "Too many r"... is not valid JSON"
"242","EAST ARKANSAS BROADCASTERS","Unexpected token 'T', "Too many r"... is not valid JSON"
"243","DR.'S SPEAKERS NETWORK LLC","Unexpected token 'T', "Too many r"... is not valid JSON"
"244","WASTE TECH SERVICES","Unexpected token 'T', "Too many r"... is not valid JSON"
"245","STAN McNABB CHRYSLER DODGE  (2010)","Unexpected token 'T', "Too many r"... is not valid JSON"
"246","OE WHEEL DISTRIBUTORS","Unexpected token 'T', "Too many r"... is not valid JSON"
"247","KEN GANLEY NISSAN INC.","Unexpected token 'T', "Too many r"... is not valid JSON"
"248","INJURY MD OF BOSSIER","Unexpected token 'T', "Too many r"... is not valid JSON"
"249","GOLD MEDAL  (2007)","Unexpected token 'T', "Too many r"... is not valid JSON"
"250","GIBSON'S SIGN-MART & ENGRAVING","Unexpected token 'T', "Too many r"... is not valid JSON"
"251","DAKOTA DOOR SALES  (2005)","Unexpected token 'T', "Too many r"... is not valid JSON"
"252","VOLUNTEER WELDING SUPPLY  (2003)","Unexpected token 'T', "Too many r"... is not valid JSON"
"253","CYPRESS CREEK PEST CONTROL","Unexpected token 'T', "Too many r"... is not valid JSON"
"254","WHEEL PROS","Unexpected token 'T', "Too many r"... is not valid JSON"
"255","OSF MEDICAL GROUP - OCCUPATIONAL HEALTH","Unexpected token 'T', "Too many r"... is not valid JSON"
"256","C & C SWEEPING SERVICE INC.","Unexpected token 'T', "Too many r"... is not valid JSON"
"257","MIGHTY AUTO PARTS","Unexpected token 'T', "Too many r"... is not valid JSON"
"258","JAN-PRO OF ARKANSAS","Unexpected token 'T', "Too many r"... is not valid JSON"
"259","MW COMPONENTS INC.","Unexpected token 'T', "Too many r"... is not valid JSON"
"260","SANDERS SERVICES PLUMBING-HEAT & AIR","Unexpected token 'T', "Too many r"... is not valid JSON"
"261","ALLSOUTH URGENT CARE CLINIC INC.","Unexpected token 'T', "Too many r"... is not valid JSON"
"262","THOMPSON'S CLEANING SERVICE  (2011)","Unexpected token 'T', "Too many r"... is not valid JSON"
"263","CREEKVIEW FARMS","Unexpected token 'T', "Too many r"... is not valid JSON"
"264","EURO MOTOWORKS LLC","Unexpected token 'T', "Too many r"... is not valid JSON"
"265","FORD OF MURFREESBORO  (2008)","Unexpected token 'T', "Too many r"... is not valid JSON"
"266","LENOX WRECKER SERVICE INC.","Unexpected token 'T', "Too many r"... is not valid JSON"
"267","BRANDABILITY","Unexpected token 'T', "Too many r"... is not valid JSON"
"268","JENKINS & WYNNE INC  (2006)","Unexpected token 'T', "Too many r"... is not valid JSON"
"269","ADVANCED MEDICAL SERVICES","Unexpected token 'T', "Too many r"... is not valid JSON"
"270","TOYOTA OF COOL SPRINGS  (2004)","Unexpected token 'T', "Too many r"... is not valid JSON"
"271","INDOFF INCORPORATED","Unexpected token 'T', "Too many r"... is not valid JSON"
"272","BEAMAN FORD INC","Unexpected token 'T', "Too many r"... is not valid JSON"
"273","MITCO - MITCHELL INDUSTRIAL  (2001)","Unexpected token 'T', "Too many r"... is not valid JSON"
"274","PHIL MOORE BUICK GMC","Unexpected token 'T', "Too many r"... is not valid JSON"
"275","CAVENAUGH AUTO GROUP INC.","Unexpected token 'T', "Too many r"... is not valid JSON"
"276","ACCURATE AUTOMOTIVE EQUIPMENT","Unexpected token 'T', "Too many r"... is not valid JSON"
"277","GALLATIN FORD","Unexpected token 'T', "Too many r"... is not valid JSON"
"278","EARL'S PLUMBING HEATING & AIR","Unexpected token 'T', "Too many r"... is not valid JSON"
"279","LEXUS OF COOL SPRINGS","Unexpected token 'T', "Too many r"... is not valid JSON"
"280","TREADAWAY'S AUTO SUPPLY","Unexpected token 'T', "Too many r"... is not valid JSON"
"281","NEWTON NISSAN SOUTH  (2010)","Unexpected token 'T', "Too many r"... is not valid JSON"
"282","NISSAN OF COOL SPRINGS  (2004)","Unexpected token 'T', "Too many r"... is not valid JSON"
"283","AL WHITE MOTORS INC.","Unexpected token 'T', "Too many r"... is not valid JSON"
"284","AESOP AUTO PARTS  (2003)","Unexpected token 'T', "Too many r"... is not valid JSON"
"285","LINE-X OF NASHVILLE/ DETAILS PLUS","Unexpected token 'T', "Too many r"... is not valid JSON"
"286","HOLSTON GASES  (2011)","Unexpected token 'T', "Too many r"... is not valid JSON"
"287","PREFERRED TIRE RECYCLING OG OHIO","Unexpected token 'T', "Too many r"... is not valid JSON"
"288","NASHVILLE AUTOMOTIVE EQUIPMENT","Unexpected token 'T', "Too many r"... is not valid JSON"
"289","REINHARDT SUPPLY CO","Unexpected token 'T', "Too many r"... is not valid JSON"
"290","VICTORY TOYOTA","Unexpected token 'T', "Too many r"... is not valid JSON"
"291","RACEWAY AUTO & TRUCK PARTS  (2004)","Unexpected token 'T', "Too many r"... is not valid JSON"
"292","FOUR-O CORP 12-0012050","Unexpected token 'T', "Too many r"... is not valid JSON"
"293","ZURCHER TIRE INC.","Unexpected token 'T', "Too many r"... is not valid JSON"
"294","WHATLEY'S COFFEE SERVICE","Unexpected token 'T', "Too many r"... is not valid JSON"
"295","FLEETCO LEASING LLC  (2004)","Unexpected token 'T', "Too many r"... is not valid JSON"
"296","Sterling Distribution","Unexpected token 'T', "Too many r"... is not valid JSON"
"297","RIM MEDICS","Unexpected token 'T', "Too many r"... is not valid JSON"
"298","JANITORS' SUPPLY & PAPER CO.","Unexpected token 'T', "Too many r"... is not valid JSON"
"299","RUBBER INC","Unexpected token 'T', "Too many r"... is not valid JSON"
"300","MOORE DIAGNOSTICS","Unexpected token 'T', "Too many r"... is not valid JSON"
"301","SERRA BARTLETT","Unexpected token 'T', "Too many r"... is not valid JSON"
"302","JIM KERAS CHEVROLET","Unexpected token 'T', "Too many r"... is not valid JSON"
"303","JIMMY GRAY CHEVROLET","Unexpected token 'T', "Too many r"... is not valid JSON"
"304","EXPERT AUTO GLASS","Unexpected token 'T', "Too many r"... is not valid JSON"
"305","BARTLETT TOWING","Unexpected token 'T', "Too many r"... is not valid JSON"
"306","JIM KERAS NISSAN","Unexpected token 'T', "Too many r"... is not valid JSON"
"307","JIM KERAS CHEVROLET - MEMPHIS","Unexpected token 'T', "Too many r"... is not valid JSON"
"308","ALL-STAR AUTOGROUP","Unexpected token 'T', "Too many r"... is not valid JSON"
"309","PREMIUM SOLUTIONS OF MS","Unexpected token 'T', "Too many r"... is not valid JSON"
"310","TOBY SEXTON TIRE COMPANY, INC.","Unexpected token 'T', "Too many r"... is not valid JSON"
"311","KIRK SUPERCENTER","Unexpected token 'T', "Too many r"... is not valid JSON"
"312","BARTLETT TOWING SERVICE","Unexpected token 'T', "Too many r"... is not valid JSON"
"313","JIM KERAS CHEVROLET","Unexpected token 'T', "Too many r"... is not valid JSON"
"314","RUBBER-INC.","Unexpected token 'T', "Too many r"... is not valid JSON"
"315","TRUE VALUE BUILDING MATERIALS","Unexpected token 'T', "Too many r"... is not valid JSON"
"316","PITNER OFFICE SUPPLY, INC.","Unexpected token 'T', "Too many r"... is not valid JSON"
"317","BALTON SIGNS","Unexpected token 'T', "Too many r"... is not valid JSON"
"318","MAGNOLIA ELECTRIC SUPPLY","Unexpected token 'T', "Too many r"... is not valid JSON"
"319","1ST AYD CORPORATION","Unexpected token 'T', "Too many r"... is not valid JSON"
"320","LATIMER LAWN CARE, LLC","Unexpected token 'T', "Too many r"... is not valid JSON"
"321","OXFORD NEWSMEDIA, LLC","Unexpected token 'T', "Too many r"... is not valid JSON"
"322","MAD TOOLS LLC","Unexpected token 'T', "Too many r"... is not valid JSON"
"323","UAC","Unexpected token 'T', "Too many r"... is not valid JSON"
"324","PREMIER LAWN AND TURF, LLC","Unexpected token 'T', "Too many r"... is not valid JSON"
"325","KOGLER EQUIPMENT SERVICE INC","Unexpected token 'T', "Too many r"... is not valid JSON"
"326","MONTGOMERY PUBLISHING INC","Unexpected token 'T', "Too many r"... is not valid JSON"
"327","FRANK'S TOWING SERVICE","Unexpected token 'T', "Too many r"... is not valid JSON"
"328","JIMMY GRAY CHEVROLET","Unexpected token 'T', "Too many r"... is not valid JSON"
"329","SUMMER WRECKER SERVICE","Unexpected token 'T', "Too many r"... is not valid JSON"
"330","WHEEL WORKZ","Unexpected token 'T', "Too many r"... is not valid JSON"
"331","MAGNOLIA TIRE PROS","Unexpected token 'T', "Too many r"... is not valid JSON"
"332","FARMERS, INCORPORATED","Unexpected token 'T', "Too many r"... is not valid JSON"
"333","CENTRAL COFFEE SERVICE","Unexpected token 'T', "Too many r"... is not valid JSON"
"334","TULL BROTHERS, INC.","Unexpected token 'T', "Too many r"... is not valid JSON"
"335","ATOKA PUBLIC WORKS 065","Unexpected token 'T', "Too many r"... is not valid JSON"
"336","JIM KERAS NISSAN","Unexpected token 'T', "Too many r"... is not valid JSON"
"337","CENTRAL COFFEE SERVICE, LLC","Unexpected token 'T', "Too many r"... is not valid JSON"
"338","PREMIUM SOLUTIONS","Unexpected token 'T', "Too many r"... is not valid JSON"
"339","NTW","Unexpected token 'T', "Too many r"... is not valid JSON"
"340","DELTA PRODUCTS","Unexpected token 'T', "Too many r"... is not valid JSON"
"341","LATIMER LAWN CARE","Unexpected token 'T', "Too many r"... is not valid JSON"
"342","DREWERY'S TERMITE & PEST CONTROL LLC","Unexpected token 'T', "Too many r"... is not valid JSON"
"343","VOLVO OF MEMPHIS","Unexpected token 'T', "Too many r"... is not valid JSON"
"344","THE FLYING LOCKSMITHS","Unexpected token 'T', "Too many r"... is not valid JSON"
"345","KAJCP PARTS & SUPPLY","Unexpected token 'T', "Too many r"... is not valid JSON"
"346","VOLVO OF MEMPHIS 1110-491","Unexpected token 'T', "Too many r"... is not valid JSON"
"347","HERNDON BROTHERS LAWN CARE","Unexpected token 'T', "Too many r"... is not valid JSON"
"348","PREPASS","Unexpected token 'T', "Too many r"... is not valid JSON"
"349","VOLVO OF MEMPHIS","Unexpected token 'T', "Too many r"... is not valid JSON"
"350","1ST AYD CORPORATION","Unexpected token 'T', "Too many r"... is not valid JSON"
"351","COLEMAN TAYLOR TRANSMISSION","Unexpected token 'T', "Too many r"... is not valid JSON"
"352","ACE HARDWARE - Batesville","Unexpected token 'T', "Too many r"... is not valid JSON"
"353","GRENADA NISSAN","Unexpected token 'T', "Too many r"... is not valid JSON"
"354","Fisher Scientific Co","Unexpected token 'T', "Too many r"... is not valid JSON"
"355","ARTHUR J. GALLAGHER RISK MANAGEMENT SERV","Unexpected token 'T', "Too many r"... is not valid JSON"
"356","KWIK KAR AT BELLMEAD","Unexpected token 'T', "Too many r"... is not valid JSON"
"357","RIO DELTA PROPANE CO.","Unexpected token 'T', "Too many r"... is not valid JSON"
"358","SOUL SUGAR LLC","Unexpected token 'T', "Too many r"... is not valid JSON"
"359","PATRICK WHEELWORX LLC.","Unexpected token 'T', "Too many r"... is not valid JSON"
"360","SMITH BUILDING SUPPLY INC.","Unexpected token 'T', "Too many r"... is not valid JSON"
"361","MEL'S AUTO GLASS","Unexpected token 'T', "Too many r"... is not valid JSON"
"362","JD & M FORKLIFT","Unexpected token 'T', "Too many r"... is not valid JSON"
"363","LaMotte Company","Unexpected token 'T', "Too many r"... is not valid JSON"
"364","Coca-Cola Beverages Northeast, Inc.","Unexpected token 'T', "Too many r"... is not valid JSON"
"365","BEACON OCCUPATIONAL HEALTH LLC","Unexpected token 'T', "Too many r"... is not valid JSON"
"366","VB COSMETICS INC","Unexpected token 'T', "Too many r"... is not valid JSON"
"367","Columbus Building Services, Inc","Unexpected token 'T', "Too many r"... is not valid JSON"
"368","JAGS ELECTRIC LLC","Unexpected token 'T', "Too many r"... is not valid JSON"
"369","BOWEN ELECTRIC","Unexpected token 'T', "Too many r"... is not valid JSON"
"370","RAMPAGE REPAIR SERVICES LLC","Unexpected token 'T', "Too many r"... is not valid JSON"
"371","KESCO SUPPLY, INC","Unexpected token 'T', "Too many r"... is not valid JSON"
"372","SULLIVAN'S EQUIPMENT SERVICES","Unexpected token 'T', "Too many r"... is not valid JSON"
"373","ARMADILLO TIRE","Unexpected token 'T', "Too many r"... is not valid JSON"
"374","SUPER GRIP CORPORATION","Unexpected token 'T', "Too many r"... is not valid JSON"
"375","Atlas HVAC LLC","Unexpected token 'T', "Too many r"... is not valid JSON"
"376","DNW AUTOMOTIVE C/O PARISH AUTOMOTIVE LLC","Unexpected token 'T', "Too many r"... is not valid JSON"
"377","ROBBINS LAWN LLC","Unexpected token 'T', "Too many r"... is not valid JSON"
"378","WESTSIDE WHOLESALE","Unexpected token 'T', "Too many r"... is not valid JSON"
"379","Polite Coffee, LLC","Unexpected token 'T', "Too many r"... is not valid JSON"
"380","C A JOHNSON HOT SHOT LLC","Unexpected token 'T', "Too many r"... is not valid JSON"
"381","COLD CREEK NURSERIES LLC","Unexpected token 'T', "Too many r"... is not valid JSON"
"382","SESCO MANAGEMENT CONSULTANTS","Unexpected token 'T', "Too many r"... is not valid JSON"
"383","NATIONAL REPAIR SERVICE","Unexpected token 'T', "Too many r"... is not valid JSON"
"384","A & G REFRIGERATION","Unexpected token 'T', "Too many r"... is not valid JSON"
"385","INDEPENDENT SEAFOOD","Unexpected token 'T', "Too many r"... is not valid JSON"
"386","CONSOLIDATED HOSPITALITY SUPPLIES, LLC","Unexpected token 'T', "Too many r"... is not valid JSON"
"387","WORLDWIDE PRODUCE","Unexpected token 'T', "Too many r"... is not valid JSON"
"388","TRIMARK MARLINN LLC","Unexpected token 'T', "Too many r"... is not valid JSON"
"389","LA COLOMBE TORREFACTION, INC.","Unexpected token 'T', "Too many r"... is not valid JSON"
"390","SWIRE COCA-COLA USA","Unexpected token 'T', "Too many r"... is not valid JSON"
"391","FIVE PALS INC","Unexpected token 'T', "Too many r"... is not valid JSON"
"392","Dalton Commercial Cleaning Corp","Unexpected token 'T', "Too many r"... is not valid JSON"
"393","PREMIER GREASE","Unexpected token 'T', "Too many r"... is not valid JSON"
"394","AT&T","Unexpected token 'T', "Too many r"... is not valid JSON"
"395","SPECTRIO, LLC","Unexpected token 'T', "Too many r"... is not valid JSON"
"396","SINGER NY dba M TUCKER","Unexpected token 'T', "Too many r"... is not valid JSON"
"397","TRAVEL LEADERS Leisure Group, LLC & DBA Student Tours","Unexpected token 'T', "Too many r"... is not valid JSON"
"398","TRIMARK ADAMS-BURCH LLC","Unexpected token 'T', "Too many r"... is not valid JSON"
"399","FIVE PALS","Unexpected token 'T', "Too many r"... is not valid JSON"